"","X1","X2","X3","X4","X5","X6","X7","X8","X9","X10"
"1","red","red","red","green","green","green","green","green","green","green"
"2","green","green","green","red","green","green","green","green","red","red"
"3","red","green","green","red","green","green","green","green","green","red"
"4","green","green","red","red","green","green","green","green","green","green"
"5","green","green","green","red","red","red","red","red","red","red"
"6","green","green","red","red","red","green","green","red","red","red"
"7","green","green","red","green","red","red","red","red","red","green"
"8","red","green","green","green","green","green","green","green","green","green"
"9","green","green","green","red","red","red","red","green","red","green"
"10","green","red","red","red","green","green","green","green","red","green"
"11","green","green","green","green","red","green","green","green","red","green"
"12","green","green","green","red","green","red","green","green","red","green"
"13","green","green","red","red","red","red","red","red","red","green"
"14","red","green","red","green","green","red","green","green","green","red"
"15","red","green","green","green","green","green","green","green","green","red"
"16","red","green","green","green","red","red","red","red","red","red"
"17","green","green","green","red","red","green","green","red","green","red"
"18","red","green","red","green","green","green","green","green","green","green"
"19","green","green","red","red","red","red","red","green","red","green"
"20","green","green","green","green","red","green","green","green","red","green"
"21","red","red","green","green","green","green","green","green","red","red"
"22","red","red","red","green","green","green","green","green","green","green"
"23","green","green","green","red","red","red","red","green","green","green"
"24","green","red","green","green","green","red","red","green","green","red"
"25","green","green","green","red","red","red","red","red","red","green"
"26","red","red","red","green","green","red","red","red","green","green"
"27","red","red","red","green","red","red","red","red","red","green"
"28","green","green","red","red","green","green","green","red","red","green"
"29","green","green","red","red","red","green","red","red","green","green"
"30","red","green","red","green","green","green","green","green","green","green"
"31","green","green","green","red","red","green","green","green","red","green"
"32","green","green","green","green","green","red","red","red","red","red"
"33","red","red","red","red","red","green","green","green","red","red"
"34","green","green","green","green","red","green","green","green","green","red"
"35","green","red","green","red","green","red","red","red","green","red"
"36","red","red","green","green","red","red","green","red","green","red"
"37","red","red","green","green","green","green","green","green","green","green"
"38","green","green","red","green","green","green","green","green","green","green"
"39","red","green","red","green","red","green","green","green","green","red"
"40","green","red","red","green","green","green","green","red","red","red"
"41","green","red","red","green","red","green","red","red","green","green"
"42","green","green","green","red","red","red","green","green","green","green"
"43","green","red","green","red","red","red","red","green","red","green"
"44","green","green","red","green","green","red","red","green","red","green"
"45","green","red","red","green","red","green","green","green","green","green"
"46","red","green","red","green","green","green","green","red","green","green"
"47","green","red","green","red","red","red","red","red","red","red"
"48","green","green","red","red","green","red","red","red","red","green"
"49","red","green","green","red","red","green","red","green","red","red"
"50","green","green","green","red","green","red","red","green","green","green"
"51","green","green","red","red","red","red","green","red","green","green"
"52","green","red","green","green","red","red","red","green","red","green"
"53","red","red","green","green","green","green","green","green","green","red"
"54","green","green","green","red","green","green","red","green","red","green"
"55","red","green","red","green","green","green","green","green","green","red"
"56","green","green","green","green","green","green","red","green","green","green"
"57","green","green","green","green","green","green","green","green","green","green"
"58","green","green","green","green","green","green","green","green","red","green"
"59","red","red","red","green","green","green","green","red","red","green"
"60","green","green","red","red","red","red","red","red","red","green"
"61","green","green","green","green","red","red","red","green","green","green"
"62","green","green","red","red","green","red","red","green","red","green"
"63","red","red","red","green","red","red","green","red","green","green"
"64","green","red","red","green","green","green","green","red","red","red"
"65","green","green","red","red","green","red","red","red","green","red"
"66","red","red","green","red","red","green","green","green","green","red"
"67","green","green","green","green","red","green","green","green","red","green"
"68","green","green","red","red","red","red","red","red","red","green"
"69","red","green","red","green","red","green","green","green","red","red"
"70","green","red","green","green","green","green","red","green","green","green"
"71","red","green","red","red","red","red","red","red","red","red"
"72","green","red","green","green","green","green","green","green","green","green"
"73","green","red","green","green","red","red","red","red","green","green"
"74","red","red","red","green","green","red","red","green","green","green"
"75","green","green","red","red","green","green","green","green","red","green"
"76","green","green","green","green","red","red","red","green","red","red"
"77","green","green","green","red","red","red","green","green","red","green"
"78","green","green","green","green","red","green","green","green","green","green"
"79","green","green","red","green","red","green","green","green","green","green"
"80","green","green","red","red","red","green","red","green","green","green"
"81","red","red","green","green","green","red","red","red","red","red"
"82","red","red","green","green","green","green","green","green","green","red"
"83","green","green","red","red","green","red","red","red","red","green"
"84","green","red","red","green","green","green","green","green","red","green"
"85","green","red","green","red","red","green","green","green","green","red"
"86","red","red","red","green","green","green","green","green","green","red"
"87","green","red","green","red","red","red","red","red","green","red"
"88","green","red","red","red","red","red","red","green","red","red"
"89","green","red","green","green","green","green","green","red","red","red"
"90","red","green","green","red","red","red","red","green","green","green"
"91","red","red","green","red","green","green","green","red","green","green"
"92","green","red","red","green","green","red","red","red","red","green"
"93","green","green","red","green","red","red","green","green","red","green"
"94","red","red","red","green","green","green","green","green","green","green"
"95","red","red","green","green","green","green","green","green","green","red"
"96","green","red","green","red","green","green","red","green","green","red"
"97","red","green","green","green","green","green","green","green","green","red"
"98","red","green","green","red","red","green","red","red","red","red"
"99","red","green","green","green","green","red","red","green","red","green"
"100","green","green","green","green","red","red","red","red","red","green"
"101","red","red","red","green","red","red","red","green","red","red"
"102","green","green","green","green","red","red","green","green","green","green"
"103","red","red","green","green","green","green","green","red","red","green"
"104","green","green","green","red","green","green","green","red","red","red"
"105","red","green","green","green","green","green","green","green","red","red"
"106","red","red","green","green","green","red","green","green","green","green"
"107","green","red","green","green","green","red","red","red","green","green"
"108","red","red","green","red","green","red","red","red","green","green"
"109","green","green","red","green","green","green","green","green","green","red"
"110","green","red","green","red","green","green","green","red","green","green"
"111","red","red","red","red","red","red","red","red","red","green"
"112","red","red","green","red","green","red","red","green","green","red"
"113","green","green","red","green","green","green","green","green","red","red"
"114","green","red","green","green","red","red","red","red","red","green"
"115","red","red","red","red","red","red","red","red","red","green"
"116","green","green","green","green","green","green","red","green","green","green"
"117","green","red","red","red","red","green","red","green","red","green"
"118","green","red","green","red","red","red","red","red","green","green"
"119","red","green","red","green","red","red","red","green","red","green"
"120","green","green","red","red","green","green","green","red","red","red"
"121","red","red","green","green","green","green","green","red","red","green"
"122","green","green","red","green","red","green","green","green","green","red"
"123","green","green","red","green","red","red","red","red","green","green"
"124","green","red","green","green","green","green","green","green","green","red"
"125","green","green","green","green","green","green","green","red","green","green"
"126","green","green","red","green","green","green","green","green","green","green"
"127","green","green","red","green","green","green","green","green","green","red"
"128","red","red","green","green","red","red","red","red","green","green"
"129","green","green","green","green","green","green","green","green","red","green"
"130","green","green","green","red","red","green","red","red","red","red"
"131","red","green","green","green","red","green","red","green","red","red"
"132","green","green","green","green","red","red","red","red","red","red"
"133","green","green","green","red","red","red","red","green","red","red"
"134","red","red","green","red","red","red","red","green","green","green"
"135","red","red","green","red","green","green","green","green","green","red"
"136","green","green","red","green","red","red","green","green","red","red"
"137","green","green","red","green","red","green","green","red","red","green"
"138","green","green","red","red","green","green","green","green","green","red"
"139","green","green","red","red","green","red","red","red","green","red"
"140","green","red","green","green","green","green","red","red","red","green"
"141","red","green","red","red","red","red","red","red","red","green"
"142","red","green","green","green","green","green","green","red","green","green"
"143","green","red","red","red","green","red","red","red","green","green"
"144","green","red","red","red","red","red","red","red","red","red"
"145","red","green","green","red","green","red","green","green","red","red"
"146","red","red","green","red","green","green","red","green","green","red"
"147","green","red","red","green","green","green","green","green","red","red"
"148","green","green","green","red","red","green","green","green","green","green"
"149","red","red","red","red","green","green","green","red","green","green"
"150","red","green","green","red","red","red","green","red","red","green"
"151","green","green","green","green","green","green","green","green","green","red"
"152","green","red","green","green","green","green","green","green","red","red"
"153","red","red","red","green","green","green","green","green","green","red"
"154","red","green","green","green","green","green","green","green","green","green"
"155","red","red","green","green","green","red","red","red","red","green"
"156","red","red","green","green","red","red","red","green","green","green"
"157","green","green","green","green","green","green","green","green","green","green"
"158","green","green","red","green","green","red","red","green","red","green"
"159","green","green","red","red","red","red","red","red","red","red"
"160","green","green","green","red","green","red","green","red","green","red"
"161","red","red","green","red","red","green","red","green","green","red"
"162","green","green","red","red","red","green","green","green","red","red"
"163","red","red","green","red","red","red","red","green","green","green"
"164","red","red","green","green","green","green","green","green","green","red"
"165","red","red","red","green","red","red","red","green","red","green"
"166","red","red","red","green","red","green","red","red","red","red"
"167","red","red","green","green","red","green","green","green","red","green"
"168","green","green","green","green","green","green","green","green","red","red"
"169","red","red","red","red","red","red","red","red","green","green"
"170","green","red","green","green","green","green","green","green","green","red"
"171","red","red","green","red","red","red","green","red","red","green"
"172","red","red","red","red","red","red","red","red","red","green"
"173","green","red","green","green","green","red","green","red","green","red"
"174","green","green","green","green","red","green","green","green","green","green"
"175","red","green","green","red","green","green","green","red","green","green"
"176","red","green","red","green","green","green","red","green","green","green"
"177","red","green","red","green","red","green","red","green","green","red"
"178","green","green","red","red","green","green","green","green","red","red"
"179","green","green","green","red","green","red","red","green","red","green"
"180","red","green","red","red","green","green","green","red","green","green"
"181","green","red","green","green","red","red","red","green","green","green"
"182","red","green","red","red","red","red","red","red","red","green"
"183","green","green","red","red","red","green","red","green","green","green"
"184","green","green","green","red","green","green","green","green","green","green"
"185","red","green","green","red","green","red","red","red","green","green"
"186","red","red","green","green","green","green","green","green","green","red"
"187","red","red","green","red","red","green","green","green","red","green"
"188","red","red","green","red","red","red","green","green","green","green"
"189","green","green","green","green","red","red","red","green","green","green"
"190","green","red","red","red","red","green","red","red","red","green"
"191","green","green","green","green","green","green","green","green","green","red"
"192","green","red","green","green","red","red","red","green","red","green"
"193","green","green","green","green","green","green","green","green","green","green"
"194","green","green","green","green","red","green","green","red","red","red"
"195","red","green","green","green","green","green","green","red","green","green"
"196","green","green","red","red","green","red","red","green","green","red"
"197","red","red","red","green","green","green","green","green","green","green"
"198","red","green","red","green","green","green","green","green","green","green"
"199","green","green","green","green","red","green","green","green","red","red"
"200","green","red","green","red","red","green","red","green","green","red"
"201","red","green","green","red","red","red","red","red","green","green"
"202","red","green","red","red","green","green","green","green","red","green"
"203","red","red","red","red","green","green","green","green","green","green"
"204","red","red","green","red","green","red","red","green","red","red"
"205","red","red","green","green","green","red","green","green","green","green"
"206","red","red","red","green","green","red","red","green","red","green"
"207","red","green","red","green","green","green","green","green","red","red"
"208","red","green","green","green","green","green","green","green","green","green"
"209","green","red","green","green","green","green","red","red","red","green"
"210","green","red","red","green","red","red","red","red","red","red"
"211","green","green","green","green","green","green","green","green","green","red"
"212","green","green","red","green","green","green","green","green","green","red"
"213","green","green","green","red","red","red","red","red","green","green"
"214","green","green","green","green","green","green","green","green","green","green"
"215","green","red","red","red","red","red","red","red","red","green"
"216","green","green","red","red","red","red","red","green","green","red"
"217","green","green","green","red","green","green","red","green","green","green"
"218","red","red","red","green","green","red","red","red","red","green"
"219","green","green","green","green","green","green","green","green","green","red"
"220","red","red","green","red","red","red","red","green","green","green"
"221","red","red","green","red","red","green","red","red","red","green"
"222","green","green","green","green","red","red","red","green","red","red"
"223","green","green","green","green","green","green","green","green","green","red"
"224","green","red","green","green","green","green","green","green","green","green"
"225","green","green","green","green","green","green","green","green","green","green"
"226","red","green","green","red","red","red","red","red","red","red"
"227","red","green","red","green","green","green","green","green","green","red"
"228","green","green","green","red","red","red","red","green","red","red"
"229","green","green","green","red","green","green","green","green","green","green"
"230","red","red","green","red","red","red","red","green","green","red"
"231","red","red","green","red","green","green","green","green","green","red"
"232","red","green","green","red","green","red","red","red","red","green"
"233","green","green","red","green","green","green","green","green","green","red"
"234","green","green","green","green","red","red","green","red","red","red"
"235","red","red","green","green","green","red","red","red","red","red"
"236","red","red","green","red","red","red","red","green","red","green"
"237","red","green","red","red","green","green","green","red","red","green"
"238","green","green","green","green","green","green","green","green","green","green"
"239","green","green","green","green","green","green","green","green","green","red"
"240","red","red","red","red","red","red","red","green","red","green"
"241","green","green","green","green","green","green","green","green","green","green"
"242","green","green","green","red","green","green","green","green","red","red"
"243","red","red","green","green","red","green","green","green","green","green"
"244","green","green","red","red","green","red","red","green","red","green"
"245","red","red","green","red","red","red","green","red","green","green"
"246","green","green","green","red","red","green","green","green","red","red"
"247","red","red","red","red","green","red","red","green","red","green"
"248","red","red","green","green","red","green","red","red","red","red"
"249","red","green","red","green","red","red","red","red","green","green"
"250","green","red","green","red","red","red","red","red","red","red"
"251","green","green","green","green","red","red","red","red","green","red"
"252","green","green","green","green","green","green","green","red","green","red"
"253","red","green","red","red","red","red","red","red","red","red"
"254","green","green","green","green","green","green","green","green","green","green"
"255","green","green","green","green","green","green","green","green","green","red"
"256","red","green","red","green","red","red","red","green","red","green"
"257","red","red","green","green","green","green","green","green","red","green"
"258","red","green","red","red","green","red","red","red","red","green"
"259","green","green","red","red","red","red","red","red","red","green"
"260","green","red","red","red","green","red","green","red","green","green"
"261","red","red","red","green","red","red","red","green","green","green"
"262","green","green","green","red","red","red","red","green","red","red"
"263","red","red","green","green","green","green","green","green","green","green"
"264","green","red","green","green","green","green","green","green","green","red"
"265","green","green","red","red","red","red","red","red","red","red"
"266","red","green","green","red","green","red","red","green","red","red"
"267","red","red","red","green","green","red","red","green","green","red"
"268","red","green","green","red","green","green","red","green","red","green"
"269","red","red","red","green","green","red","red","red","green","red"
"270","green","green","green","red","green","green","green","green","green","green"
"271","red","green","red","green","green","green","green","green","green","red"
"272","red","red","green","red","green","red","red","green","green","green"
"273","green","red","red","red","red","green","green","green","red","green"
"274","green","green","green","red","green","green","red","red","green","red"
"275","green","green","green","red","red","red","red","red","red","green"
"276","red","red","red","red","green","red","red","red","red","red"
"277","red","red","red","green","red","green","green","red","red","green"
"278","green","red","red","red","green","green","green","green","red","red"
"279","green","green","red","green","red","red","red","red","green","green"
"280","green","red","red","red","red","red","red","red","red","green"
"281","red","red","green","red","green","green","green","green","green","green"
"282","red","red","green","green","red","red","red","green","red","green"
"283","red","red","red","green","red","red","red","green","green","green"
"284","red","red","green","green","green","green","green","green","green","green"
"285","red","red","red","red","red","green","green","red","red","green"
"286","red","red","green","green","green","green","green","green","green","green"
"287","green","green","green","green","green","green","green","green","green","green"
"288","red","red","red","red","green","green","green","green","green","red"
"289","red","red","green","green","red","red","red","green","green","red"
"290","red","green","green","red","green","green","green","green","red","green"
"291","red","green","red","red","red","red","red","green","red","green"
"292","red","red","red","red","red","green","green","red","red","red"
"293","red","red","red","green","green","green","green","green","red","green"
"294","red","red","green","red","red","red","red","green","green","red"
"295","green","red","red","red","green","green","green","green","green","red"
"296","red","red","red","green","red","red","red","green","green","red"
"297","green","green","green","red","red","red","green","red","red","green"
"298","green","green","red","red","red","green","green","red","red","red"
"299","red","red","green","green","red","red","red","green","green","red"
"300","red","red","red","green","green","green","red","green","green","green"
"301","green","green","green","green","green","green","green","green","green","green"
"302","green","red","green","green","green","green","green","red","green","green"
"303","green","green","green","green","green","green","green","red","red","red"
"304","green","green","green","green","green","red","red","green","green","red"
"305","green","green","red","green","green","green","green","red","green","green"
"306","red","red","green","green","green","green","green","green","green","red"
"307","green","green","green","green","green","red","red","green","red","green"
"308","red","red","red","red","green","red","red","green","green","red"
"309","green","green","red","red","green","green","green","green","green","red"
"310","green","green","green","green","green","green","red","green","green","red"
"311","green","green","green","red","green","red","green","green","green","red"
"312","green","green","red","red","green","green","green","red","red","red"
"313","green","green","red","red","red","red","red","red","green","green"
"314","green","green","green","green","green","green","green","green","green","green"
"315","red","red","red","red","green","green","green","red","red","red"
"316","green","red","green","red","green","green","green","red","red","red"
"317","red","red","green","green","red","red","red","green","red","green"
"318","red","green","red","green","red","red","red","red","red","green"
"319","red","red","red","red","green","red","green","green","red","green"
"320","red","green","red","red","green","red","red","green","red","green"
"321","red","red","green","red","red","green","green","red","red","green"
"322","green","green","red","red","green","red","red","red","red","red"
"323","green","green","green","green","red","green","green","green","red","green"
"324","red","red","red","green","green","green","green","green","green","green"
"325","green","green","green","red","green","red","red","green","red","red"
"326","red","red","green","red","red","red","red","green","green","red"
"327","green","green","red","red","red","red","red","red","red","green"
"328","green","red","green","red","red","red","red","red","red","green"
"329","green","red","red","red","green","red","red","red","red","green"
"330","green","green","red","red","red","red","red","red","red","green"
"331","red","red","green","red","green","green","red","green","green","red"
"332","green","green","green","green","red","red","red","red","green","red"
"333","green","green","green","red","red","red","red","red","green","red"
"334","green","green","red","green","red","red","red","green","red","green"
"335","red","red","red","green","green","green","green","red","green","green"
"336","green","green","red","green","green","green","red","red","red","green"
"337","red","red","green","red","green","green","green","green","green","red"
"338","red","red","green","red","green","green","green","red","red","green"
"339","green","green","green","green","red","red","red","red","red","green"
"340","red","red","green","green","green","red","red","green","green","green"
"341","red","red","green","green","green","red","red","green","red","red"
"342","green","red","red","green","red","red","red","red","green","green"
"343","red","red","red","green","red","red","green","green","green","red"
"344","green","green","green","green","green","red","green","green","green","green"
"345","green","red","green","red","green","green","green","red","red","green"
"346","red","red","green","red","green","red","red","green","green","red"
"347","green","red","green","green","red","red","red","green","green","green"
"348","red","red","green","green","red","red","red","red","green","red"
"349","red","green","green","green","green","red","green","red","red","red"
"350","red","green","red","red","red","red","red","green","green","green"
"351","green","green","green","green","red","green","red","red","red","green"
"352","red","red","red","red","red","red","red","red","red","red"
"353","red","red","red","red","green","green","green","red","green","green"
"354","green","green","green","green","red","green","red","green","green","green"
"355","green","red","red","red","green","green","green","red","green","green"
"356","green","green","red","green","green","red","green","red","red","red"
"357","green","red","red","green","red","green","red","red","green","green"
"358","red","red","green","green","green","green","green","green","green","green"
"359","green","green","red","red","red","green","green","green","green","green"
"360","red","red","green","green","green","red","green","red","red","red"
"361","green","red","green","red","green","red","green","green","green","red"
"362","red","red","red","green","red","red","red","green","green","red"
"363","red","red","green","green","green","green","green","green","green","green"
"364","green","green","green","green","green","green","green","green","green","red"
"365","green","green","green","green","red","green","green","green","green","green"
"366","green","green","green","red","red","green","red","green","green","red"
"367","red","red","green","red","red","red","red","green","red","green"
"368","green","green","red","red","red","red","red","green","green","red"
"369","green","green","green","red","green","green","green","green","green","green"
"370","green","green","green","green","green","green","green","green","green","green"
"371","green","green","red","green","red","green","green","green","green","red"
"372","green","red","green","red","green","red","red","green","green","green"
"373","red","red","green","green","green","green","red","green","green","red"
"374","green","green","green","red","red","green","green","red","red","green"
"375","green","green","red","red","green","green","green","green","green","green"
"376","green","green","green","green","red","red","red","red","green","green"
"377","green","green","green","red","green","green","red","red","green","red"
"378","green","red","green","red","red","red","red","green","red","red"
"379","green","green","green","green","green","green","green","red","green","green"
"380","red","red","green","red","red","red","red","green","green","green"
"381","green","green","red","green","green","green","green","red","red","red"
"382","green","green","green","red","red","red","red","red","green","green"
"383","red","red","green","green","green","green","green","green","green","red"
"384","red","red","red","red","red","green","green","red","green","red"
"385","red","red","green","green","green","green","green","green","red","green"
"386","red","green","green","red","green","green","green","green","red","red"
"387","red","red","green","green","red","green","green","green","green","green"
"388","green","green","green","green","green","green","green","green","red","green"
"389","red","green","green","green","green","green","red","red","red","green"
"390","green","green","green","green","green","green","green","green","green","green"
"391","red","green","green","green","green","red","red","green","red","red"
"392","red","green","red","red","red","red","red","red","red","red"
"393","red","red","red","green","red","red","red","red","red","green"
"394","red","green","red","green","green","green","green","red","red","red"
"395","red","red","red","red","red","red","red","red","green","green"
"396","red","green","red","red","red","red","green","red","red","green"
"397","green","red","red","green","green","green","green","green","green","green"
"398","green","green","red","red","green","red","red","red","red","green"
"399","red","green","red","green","green","green","green","green","green","red"
"400","red","red","green","red","green","red","red","red","green","red"
"401","green","green","green","red","green","green","green","red","red","red"
"402","red","red","red","green","red","green","green","red","green","red"
"403","green","green","red","red","green","red","red","green","red","green"
"404","red","red","green","green","green","red","green","green","green","green"
"405","red","green","green","red","red","green","green","green","red","green"
"406","green","green","red","green","red","green","green","red","red","red"
"407","red","green","red","green","red","green","green","green","green","green"
"408","red","red","red","red","green","red","red","red","green","green"
"409","green","green","red","green","green","red","red","green","red","red"
"410","green","green","red","green","green","red","green","green","green","green"
"411","green","green","green","green","green","green","green","red","red","red"
"412","green","green","green","green","green","green","green","green","green","red"
"413","red","red","green","red","red","red","red","red","green","green"
"414","green","green","red","red","red","red","red","green","red","green"
"415","red","red","red","red","green","green","green","red","red","red"
"416","green","green","green","green","red","red","green","green","red","red"
"417","red","red","green","green","red","red","red","green","red","green"
"418","green","red","green","red","green","red","red","green","green","green"
"419","red","green","red","red","red","red","red","green","green","red"
"420","green","red","green","green","green","green","green","green","green","green"
"421","red","red","green","green","red","green","red","red","green","red"
"422","green","green","red","red","green","green","green","red","red","red"
"423","green","green","green","green","green","green","green","green","green","green"
"424","green","red","green","green","red","red","green","red","red","red"
"425","green","green","green","green","green","green","green","red","green","green"
"426","red","red","red","red","red","red","red","red","green","red"
"427","red","green","red","green","green","green","green","red","red","green"
"428","red","green","green","green","red","red","red","red","green","green"
"429","green","red","red","green","green","red","red","green","green","green"
"430","green","green","red","green","red","red","red","red","red","green"
"431","green","green","green","red","green","green","green","green","green","red"
"432","red","red","green","red","red","red","red","green","green","red"
"433","green","green","red","green","green","red","red","green","green","green"
"434","green","green","green","green","green","green","green","green","green","green"
"435","green","green","green","red","green","green","green","red","red","red"
"436","red","red","green","green","green","red","red","green","green","green"
"437","green","green","red","red","red","red","red","red","red","green"
"438","green","green","green","green","red","red","red","green","red","green"
"439","red","red","red","red","red","red","red","red","green","green"
"440","green","red","green","red","green","green","red","green","red","red"
"441","red","red","red","green","red","green","green","green","green","green"
"442","red","red","green","red","red","red","red","green","red","green"
"443","green","green","red","green","green","green","green","red","red","green"
"444","red","green","green","red","red","red","red","green","green","green"
"445","green","green","green","red","red","green","green","red","red","red"
"446","green","green","red","red","red","red","red","red","red","red"
"447","red","red","green","green","green","red","green","green","green","green"
"448","red","red","green","green","green","green","green","green","red","red"
"449","green","red","green","red","green","green","green","green","green","green"
"450","green","green","green","green","green","red","red","red","green","green"
"451","red","green","red","green","green","red","red","red","green","red"
"452","green","green","green","green","green","red","red","red","red","green"
"453","red","green","green","red","red","red","red","red","green","green"
"454","red","green","red","red","green","red","red","green","red","green"
"455","green","green","green","red","red","green","green","red","red","red"
"456","red","red","green","red","green","green","green","green","red","red"
"457","green","red","green","green","green","red","red","green","green","red"
"458","red","red","red","green","red","red","green","red","red","green"
"459","green","green","red","green","red","green","green","red","green","red"
"460","green","red","red","red","red","red","red","red","red","green"
"461","red","red","red","red","red","red","red","red","green","green"
"462","green","green","red","red","red","green","red","green","red","green"
"463","green","green","green","red","red","red","red","red","red","red"
"464","red","red","green","green","red","red","green","red","red","red"
"465","green","green","green","green","green","green","green","green","green","green"
"466","red","green","red","red","red","green","green","red","red","green"
"467","red","red","green","green","green","green","green","green","green","green"
"468","red","red","green","green","red","red","green","green","red","green"
"469","green","green","green","green","green","green","green","green","green","red"
"470","green","green","green","green","green","green","green","green","green","red"
"471","green","green","red","red","green","green","green","red","green","red"
"472","green","green","green","green","green","green","green","green","green","red"
"473","red","red","red","green","red","red","red","red","green","red"
"474","green","green","green","green","green","green","green","green","green","green"
"475","green","red","red","green","green","green","green","green","green","green"
"476","red","red","green","green","green","green","red","green","green","green"
"477","green","green","green","red","red","red","red","red","red","green"
"478","green","green","red","green","red","red","red","green","green","green"
"479","green","green","green","red","green","green","green","green","red","green"
"480","green","red","red","green","green","green","green","green","green","red"
"481","red","red","green","green","red","red","red","green","green","green"
"482","green","red","red","green","green","red","green","green","red","green"
"483","red","green","red","red","red","red","red","red","red","green"
"484","red","red","green","red","green","red","red","red","green","green"
"485","red","green","red","green","green","green","green","green","green","green"
"486","green","red","green","red","red","red","red","red","red","green"
"487","red","green","red","red","green","green","green","green","red","green"
"488","green","green","green","red","green","green","green","green","green","green"
"489","red","red","green","green","green","green","green","red","red","green"
"490","green","green","green","green","green","red","red","green","green","green"
"491","green","green","red","red","green","green","red","green","red","red"
"492","green","red","green","red","red","green","green","red","green","green"
"493","red","red","green","green","green","green","green","red","red","red"
"494","green","green","green","red","green","red","red","green","red","red"
"495","green","green","green","red","red","green","green","red","green","red"
"496","green","red","green","green","red","green","green","green","green","green"
"497","red","red","green","green","red","red","red","red","red","green"
"498","red","green","red","red","red","red","red","green","red","red"
"499","green","green","red","green","green","green","green","red","green","green"
"500","green","green","red","green","green","green","green","green","red","red"
"501","red","red","red","green","green","green","green","green","green","red"
"502","red","red","green","green","green","green","green","green","green","red"
"503","red","red","green","green","red","green","green","green","red","green"
"504","red","red","red","red","green","green","green","green","green","red"
"505","red","red","red","red","red","green","green","green","green","red"
"506","red","green","green","red","red","red","red","green","green","red"
"507","red","red","red","green","green","green","green","green","red","red"
"508","red","red","red","green","green","green","green","green","green","red"
"509","green","green","red","red","red","green","green","red","green","green"
"510","green","green","red","red","red","red","red","red","red","green"
"511","red","green","red","red","red","red","red","green","red","red"
"512","red","red","green","red","green","green","green","red","red","red"
"513","red","red","green","red","red","green","green","green","green","green"
"514","red","red","green","green","green","green","green","red","red","red"
"515","green","green","red","green","green","red","green","green","red","green"
"516","green","green","green","red","red","red","green","green","green","red"
"517","red","red","green","red","green","green","green","red","red","green"
"518","red","green","green","green","green","green","green","green","red","red"
"519","green","green","red","red","green","red","green","red","green","green"
"520","green","green","red","red","green","green","green","red","red","red"
"521","red","red","green","red","green","red","red","green","red","green"
"522","red","green","red","red","green","green","green","green","green","red"
"523","red","red","green","green","green","green","green","red","red","green"
"524","red","green","green","red","red","red","green","green","green","red"
"525","red","green","red","green","red","red","red","red","red","red"
"526","red","green","red","red","red","red","red","green","red","green"
"527","green","red","red","green","red","green","red","red","red","green"
"528","green","green","green","red","green","green","green","green","red","red"
"529","red","red","red","red","green","red","red","green","red","red"
"530","green","green","red","red","red","red","red","green","green","red"
"531","green","red","red","red","red","red","red","green","green","green"
"532","red","red","red","red","red","green","green","green","red","red"
"533","green","green","green","red","green","green","green","red","red","green"
"534","red","green","green","red","red","green","red","green","red","green"
"535","red","red","red","red","red","green","green","red","green","green"
"536","red","green","red","red","red","red","red","green","green","green"
"537","green","green","green","red","red","red","red","red","green","green"
"538","green","green","red","red","red","green","green","green","green","red"
"539","red","red","red","red","red","red","red","red","green","red"
"540","red","red","green","green","green","red","red","red","green","red"
"541","red","red","red","red","green","green","green","red","green","green"
"542","green","green","red","red","red","green","red","green","green","green"
"543","red","red","green","green","green","red","green","red","red","green"
"544","green","green","green","green","green","green","green","green","green","red"
"545","green","red","red","red","red","red","red","red","red","red"
"546","red","red","green","green","green","red","red","red","green","green"
"547","green","green","green","green","green","red","red","green","green","green"
"548","green","green","green","green","red","green","green","green","green","green"
"549","green","red","green","red","green","red","green","red","red","green"
"550","green","green","green","red","red","green","green","red","green","red"
"551","green","red","green","green","green","green","green","red","red","green"
"552","green","green","green","red","green","green","green","green","red","red"
"553","red","green","red","green","green","green","green","green","red","red"
"554","green","red","green","green","green","green","green","red","red","red"
"555","green","red","green","green","red","green","green","green","green","green"
"556","red","green","green","green","green","green","green","green","green","red"
"557","green","green","green","red","red","red","red","green","green","red"
"558","red","red","green","red","red","red","red","green","green","red"
"559","green","green","green","red","red","red","green","green","red","red"
"560","red","red","green","green","green","green","green","green","green","red"
"561","red","green","red","green","green","red","green","green","green","red"
"562","red","green","red","red","green","green","red","red","red","red"
"563","green","green","green","green","red","red","red","green","green","green"
"564","red","green","green","red","red","green","green","green","green","red"
"565","green","red","green","red","red","red","red","red","red","green"
"566","green","green","red","red","green","red","red","green","green","red"
"567","green","green","red","green","green","green","green","green","green","green"
"568","green","green","green","green","green","green","green","red","green","green"
"569","red","red","green","green","green","green","green","green","green","red"
"570","red","red","green","green","red","green","red","red","red","green"
"571","green","red","red","green","red","red","red","red","red","red"
"572","red","red","red","red","green","red","green","red","red","green"
"573","green","red","red","green","red","red","red","red","green","green"
"574","green","green","green","green","green","green","green","green","green","green"
"575","red","red","green","green","green","green","green","green","green","green"
"576","green","green","red","green","green","green","green","green","green","green"
"577","green","red","green","red","red","red","red","red","red","green"
"578","red","red","red","red","green","red","red","green","green","red"
"579","green","green","red","red","red","green","green","green","red","green"
"580","green","green","green","red","green","green","green","red","red","red"
"581","red","green","red","green","green","green","green","red","green","green"
"582","red","green","green","red","red","red","red","red","green","red"
"583","red","red","green","red","red","green","red","green","red","red"
"584","red","red","red","red","red","red","red","green","red","red"
"585","green","green","green","green","green","red","red","red","green","red"
"586","red","green","green","green","green","green","green","green","green","green"
"587","red","red","green","red","green","green","green","green","red","red"
"588","red","green","red","green","green","red","green","green","red","green"
"589","green","green","red","green","red","green","green","red","red","red"
"590","green","green","red","red","red","green","green","red","red","green"
"591","red","red","red","red","green","red","green","green","green","red"
"592","red","red","green","green","red","red","green","green","red","green"
"593","green","green","red","red","green","green","green","red","green","red"
"594","green","green","red","green","green","green","green","green","green","green"
"595","green","green","green","red","red","green","red","red","red","red"
"596","green","green","green","green","red","red","red","red","red","green"
"597","green","red","red","red","red","red","green","green","green","red"
"598","green","green","green","green","green","green","green","red","green","red"
"599","red","red","red","red","green","red","red","red","red","green"
"600","red","red","green","red","red","green","green","green","red","green"
"601","red","green","green","green","green","green","green","green","green","green"
"602","green","red","red","green","green","green","green","red","red","green"
"603","green","green","green","red","red","green","green","red","green","green"
"604","red","red","red","red","red","green","green","green","red","red"
"605","green","green","green","red","green","green","green","red","green","green"
"606","red","red","green","green","green","green","green","green","green","green"
"607","green","green","red","green","red","red","red","green","green","red"
"608","green","green","green","green","red","green","green","green","red","red"
"609","red","green","green","green","green","green","green","red","green","red"
"610","red","green","green","red","green","green","green","red","green","green"
"611","red","red","red","red","green","green","red","red","green","green"
"612","red","red","green","green","green","red","green","red","green","red"
"613","green","green","green","red","red","red","red","green","green","red"
"614","red","green","green","green","green","green","green","green","green","green"
"615","green","red","red","green","red","red","red","red","green","red"
"616","green","red","green","red","green","red","green","red","red","green"
"617","red","red","red","green","red","red","green","green","red","red"
"618","red","red","green","green","green","red","red","red","green","red"
"619","red","green","red","green","red","green","red","red","green","green"
"620","green","red","red","green","red","red","red","red","red","green"
"621","green","green","red","green","red","red","green","green","red","red"
"622","red","green","red","green","green","green","green","green","green","green"
"623","red","green","green","red","green","green","green","green","green","red"
"624","green","green","green","green","green","green","green","green","green","green"
"625","green","red","green","green","red","red","red","green","green","green"
"626","red","red","red","red","green","red","red","red","green","green"
"627","green","red","red","green","green","green","green","red","red","green"
"628","green","red","green","green","green","red","red","red","green","green"
"629","green","green","green","red","green","green","green","green","green","red"
"630","green","red","red","green","red","red","red","green","green","red"
"631","green","red","green","green","green","green","green","green","green","green"
"632","red","red","red","green","green","green","green","green","green","red"
"633","green","green","green","green","green","red","red","green","green","green"
"634","green","red","green","red","red","red","red","red","red","green"
"635","green","green","green","red","red","red","red","red","red","red"
"636","green","red","green","green","green","red","red","green","green","red"
"637","red","red","green","green","green","green","green","red","green","red"
"638","green","green","red","green","red","green","green","green","green","green"
"639","green","green","red","green","green","green","green","green","green","green"
"640","red","green","red","red","green","green","green","red","green","green"
"641","green","green","green","red","green","green","green","red","green","green"
"642","green","green","red","red","red","red","red","green","green","green"
"643","red","red","red","red","red","red","red","red","green","green"
"644","green","green","red","red","green","red","red","red","green","red"
"645","red","red","green","red","green","red","red","green","green","green"
"646","green","green","red","red","red","red","red","red","green","red"
"647","red","green","green","green","green","green","red","red","green","green"
"648","green","red","green","red","green","green","red","red","red","red"
"649","red","red","green","green","green","red","red","red","green","red"
"650","red","red","green","green","green","green","green","green","green","green"
"651","green","green","green","green","red","green","green","red","red","red"
"652","red","red","green","green","green","green","green","green","green","red"
"653","red","red","red","green","red","green","green","red","red","green"
"654","green","green","green","green","green","green","green","green","red","green"
"655","red","red","green","green","green","green","green","green","green","green"
"656","green","green","green","red","green","green","red","red","red","green"
"657","red","red","red","red","green","green","green","green","green","green"
"658","green","red","green","green","green","green","green","red","red","red"
"659","green","red","green","red","red","green","red","red","red","green"
"660","red","green","red","red","red","green","red","red","red","green"
"661","green","green","red","green","red","red","red","red","red","red"
"662","green","red","green","green","green","red","green","green","red","green"
"663","red","red","red","red","green","green","green","red","green","red"
"664","green","red","red","red","red","red","red","green","green","red"
"665","green","green","green","green","red","green","green","green","green","green"
"666","green","green","red","red","red","red","red","red","red","green"
"667","red","red","green","red","red","red","green","red","green","red"
"668","red","green","red","red","red","green","red","red","red","green"
"669","green","green","red","red","red","red","red","red","red","red"
"670","green","green","red","red","green","green","green","red","red","red"
"671","red","red","green","red","red","green","green","red","green","green"
"672","red","red","red","green","green","green","green","green","green","green"
"673","green","red","red","red","green","red","green","red","green","red"
"674","green","green","red","green","green","green","green","red","green","red"
"675","green","green","green","green","red","green","red","red","red","green"
"676","green","green","green","green","green","green","green","green","green","green"
"677","green","green","red","green","green","green","green","red","green","green"
"678","red","green","red","red","red","red","red","green","green","green"
"679","red","red","green","green","red","red","green","green","green","red"
"680","green","green","green","red","red","green","red","green","red","red"
"681","green","green","green","green","green","green","green","green","red","green"
"682","green","red","red","red","red","red","red","green","green","red"
"683","green","green","green","green","green","red","red","green","red","green"
"684","green","green","green","green","red","green","green","red","green","red"
"685","green","red","red","red","red","red","red","green","red","red"
"686","green","green","green","green","green","green","red","green","red","red"
"687","green","green","green","green","green","green","green","green","green","green"
"688","red","green","red","red","green","green","green","red","red","green"
"689","green","green","green","green","red","red","red","red","red","red"
"690","green","green","green","green","green","green","green","green","green","green"
"691","red","red","green","red","green","green","green","red","red","green"
"692","green","green","green","red","green","green","green","green","green","red"
"693","green","green","green","green","green","red","red","green","red","red"
"694","red","green","red","green","red","green","green","green","green","red"
"695","red","red","red","red","red","green","green","red","red","green"
"696","green","green","green","green","green","green","green","green","green","green"
"697","green","green","green","green","green","green","red","red","green","green"
"698","red","red","green","green","green","green","green","green","green","green"
"699","red","red","green","green","red","red","red","red","green","green"
"700","green","green","green","red","green","green","green","green","red","red"
"701","green","green","green","green","red","green","green","green","green","green"
"702","red","red","green","red","red","green","red","green","green","red"
"703","red","green","red","green","red","red","green","green","red","red"
"704","green","red","green","red","red","red","green","red","green","green"
"705","green","red","red","green","red","red","red","green","red","red"
"706","red","red","green","red","green","green","green","green","red","green"
"707","green","green","red","green","red","green","green","green","green","green"
"708","green","green","red","green","green","green","green","green","green","green"
"709","red","red","red","green","green","green","green","green","green","green"
"710","green","red","red","red","green","green","green","green","green","green"
"711","green","green","red","red","red","red","red","red","green","green"
"712","red","red","green","red","green","red","red","green","green","red"
"713","red","green","green","green","green","green","green","green","green","red"
"714","red","red","green","red","red","red","red","red","red","red"
"715","green","red","green","green","green","green","green","red","red","green"
"716","green","green","green","green","green","green","green","green","green","red"
"717","green","green","red","green","green","red","red","red","red","green"
"718","green","green","green","green","green","red","red","green","red","green"
"719","red","red","green","green","green","green","green","green","green","green"
"720","red","red","green","red","green","green","green","red","red","green"
"721","green","red","red","green","green","green","red","green","green","red"
"722","green","green","green","green","red","red","red","green","green","green"
"723","green","green","green","red","green","red","red","red","red","green"
"724","green","green","red","red","red","green","green","red","red","green"
"725","red","red","red","red","green","red","red","red","red","red"
"726","red","red","red","red","green","green","green","green","green","green"
"727","red","red","red","green","red","green","green","red","green","red"
"728","green","red","green","red","red","red","red","red","red","green"
"729","red","red","red","red","green","red","red","red","green","green"
"730","green","green","green","red","green","green","green","green","green","green"
"731","red","red","red","red","green","green","green","red","green","red"
"732","green","green","green","red","red","red","red","red","red","green"
"733","red","green","green","green","green","green","green","green","green","green"
"734","green","green","red","red","red","green","green","green","red","red"
"735","green","red","red","green","green","red","red","green","red","red"
"736","red","red","green","red","red","green","red","red","red","red"
"737","red","red","red","green","red","green","green","green","green","red"
"738","red","green","red","green","red","green","green","green","green","red"
"739","green","green","green","green","green","green","green","green","green","red"
"740","red","red","green","red","red","red","red","green","red","green"
"741","red","green","red","green","green","green","green","green","green","red"
"742","green","green","green","green","red","red","red","green","green","red"
"743","green","green","green","green","red","red","red","red","red","green"
"744","green","red","green","green","red","green","green","green","green","green"
"745","red","green","red","red","red","red","green","red","red","green"
"746","red","red","red","green","red","red","red","red","green","red"
"747","red","red","green","green","green","green","green","green","green","green"
"748","green","green","red","red","red","green","green","red","red","green"
"749","green","green","red","red","red","green","green","green","green","green"
"750","green","red","red","red","red","red","red","green","red","green"
"751","green","green","red","green","red","red","red","green","red","red"
"752","green","green","red","red","red","red","green","green","red","red"
"753","red","red","red","green","red","red","red","red","red","green"
"754","green","green","green","green","green","green","red","green","green","red"
"755","green","green","red","red","red","red","green","green","green","green"
"756","red","green","green","red","red","red","red","green","green","red"
"757","red","green","red","green","red","red","red","red","red","green"
"758","green","green","red","green","green","green","green","green","green","green"
"759","red","red","green","green","red","green","green","red","red","red"
"760","green","green","green","green","green","green","green","red","red","green"
"761","green","green","green","green","green","red","red","green","green","green"
"762","red","red","green","green","green","green","green","green","green","red"
"763","red","green","green","red","red","green","green","green","green","green"
"764","red","red","green","red","green","green","green","red","red","red"
"765","green","green","green","red","green","red","green","red","red","green"
"766","red","green","green","green","green","green","green","green","red","red"
"767","red","red","green","red","red","red","red","red","red","red"
"768","green","green","green","green","green","green","green","green","green","red"
"769","red","green","green","green","red","red","red","red","red","green"
"770","red","red","red","green","red","green","red","red","green","green"
"771","green","green","red","green","green","red","green","green","green","red"
"772","green","green","red","red","green","green","green","green","green","green"
"773","green","green","red","green","red","green","red","green","green","green"
"774","green","green","green","green","green","green","green","green","green","green"
"775","green","green","red","green","green","green","green","red","red","red"
"776","green","green","red","green","green","green","green","green","green","green"
"777","red","red","red","red","red","green","green","red","green","red"
"778","green","green","green","red","red","green","red","red","green","red"
"779","red","red","red","green","green","red","red","red","red","red"
"780","green","green","green","green","red","red","red","red","red","green"
"781","red","green","green","green","green","green","green","green","green","green"
"782","green","green","red","red","red","red","red","green","green","red"
"783","green","green","red","green","green","green","red","red","green","red"
"784","red","red","red","green","green","red","red","red","red","green"
"785","green","red","red","red","red","red","red","red","red","green"
"786","green","green","red","red","green","green","red","green","green","green"
"787","green","green","green","green","red","red","red","red","red","green"
"788","red","green","green","red","green","green","green","green","red","green"
"789","green","green","red","green","green","green","green","green","red","red"
"790","green","green","green","red","red","green","green","red","green","red"
"791","red","green","red","red","green","green","green","red","green","green"
"792","green","green","green","green","green","green","green","green","green","green"
"793","green","green","green","red","red","green","green","red","green","red"
"794","red","red","red","red","green","red","red","green","green","green"
"795","green","red","green","red","red","red","red","red","red","red"
"796","red","green","green","green","green","green","green","green","red","green"
"797","red","red","green","green","green","green","green","red","red","red"
"798","green","green","green","red","red","red","red","green","red","red"
"799","green","red","green","green","red","red","red","green","red","green"
"800","red","red","red","red","red","red","green","red","red","red"
"801","green","green","green","green","green","green","green","green","green","red"
"802","red","red","green","red","green","red","red","green","green","green"
"803","red","red","green","red","green","red","red","green","green","green"
"804","green","green","red","red","red","red","red","red","red","green"
"805","green","green","green","red","red","red","red","red","green","green"
"806","red","red","green","red","green","green","green","green","green","green"
"807","green","red","red","green","green","green","green","red","red","green"
"808","red","red","green","red","green","green","green","green","green","red"
"809","red","red","red","red","red","red","red","green","green","green"
"810","green","green","red","green","green","green","green","green","green","red"
"811","green","green","green","green","green","green","green","green","green","green"
"812","green","green","green","green","green","green","green","green","green","red"
"813","red","green","green","green","green","green","green","green","green","green"
"814","red","green","red","green","green","green","green","green","red","green"
"815","green","green","red","green","green","green","green","red","green","red"
"816","green","green","green","red","red","red","red","red","red","green"
"817","red","green","red","red","red","red","red","green","red","green"
"818","green","red","green","red","red","red","green","red","red","red"
"819","red","red","green","red","green","green","green","green","green","red"
"820","red","red","green","red","red","red","red","red","green","green"
"821","green","green","green","green","green","green","green","green","green","green"
"822","red","green","green","green","green","green","green","red","green","green"
"823","green","red","green","red","green","red","red","red","red","green"
"824","red","red","red","green","green","red","red","red","red","red"
"825","green","green","green","red","red","green","green","red","green","green"
"826","green","green","red","green","green","green","red","green","red","red"
"827","green","green","green","red","red","green","green","green","red","green"
"828","green","green","red","green","green","green","green","green","red","green"
"829","green","red","green","green","green","green","green","green","green","red"
"830","red","green","red","red","green","green","green","red","green","green"
"831","green","green","green","red","green","green","green","green","green","red"
"832","green","green","green","green","red","red","red","green","red","red"
"833","green","green","green","green","red","green","green","green","green","green"
"834","green","green","green","green","green","red","green","red","green","green"
"835","green","green","red","green","red","green","green","red","red","red"
"836","red","green","green","red","green","green","green","red","red","red"
"837","green","green","green","green","green","red","red","green","red","red"
"838","red","red","red","green","red","red","red","red","red","green"
"839","green","green","green","red","green","green","green","red","red","green"
"840","red","red","green","green","green","green","green","green","green","red"
"841","green","green","red","green","green","green","green","red","green","red"
"842","green","green","red","green","red","red","red","green","red","red"
"843","green","green","green","green","red","red","red","red","green","green"
"844","green","green","green","red","red","green","red","red","green","red"
"845","red","red","green","green","green","red","red","green","red","green"
"846","green","green","green","green","green","green","green","green","green","green"
"847","red","red","green","green","red","green","green","green","red","green"
"848","green","green","green","red","red","red","red","green","red","red"
"849","red","red","red","red","green","green","green","green","green","red"
"850","green","green","green","green","green","green","green","green","green","red"
"851","red","green","red","red","green","red","red","green","red","red"
"852","green","red","red","green","red","red","green","green","red","green"
"853","red","green","green","red","green","red","red","green","red","red"
"854","green","green","green","green","green","green","green","green","green","green"
"855","green","green","red","green","green","red","red","red","red","green"
"856","green","green","red","red","red","green","green","red","red","green"
"857","green","green","red","red","red","red","red","red","red","green"
"858","red","red","green","green","green","green","green","green","green","green"
"859","green","green","red","red","red","red","red","green","green","green"
"860","green","green","green","red","red","green","green","red","green","green"
"861","red","red","red","red","red","green","green","red","red","green"
"862","red","green","green","green","green","green","green","green","green","red"
"863","red","red","green","red","green","green","red","red","red","green"
"864","red","red","green","red","red","green","green","red","green","green"
"865","green","green","red","red","green","green","green","green","red","green"
"866","green","green","red","green","red","red","red","red","red","green"
"867","red","green","green","green","green","green","green","green","green","red"
"868","green","green","green","red","red","green","red","red","red","red"
"869","green","red","red","green","red","green","red","red","red","green"
"870","green","green","green","red","green","red","red","red","red","green"
"871","red","red","green","green","red","green","green","green","green","green"
"872","green","green","red","red","green","green","green","red","green","red"
"873","green","green","red","red","red","green","red","red","green","green"
"874","green","green","red","red","green","red","red","red","red","red"
"875","green","red","green","green","green","green","green","green","green","red"
"876","green","green","green","green","green","red","red","red","red","green"
"877","red","red","red","red","green","red","red","red","red","red"
"878","red","red","green","red","red","red","red","green","green","red"
"879","green","green","green","red","red","green","red","red","red","red"
"880","green","green","red","red","red","green","green","green","green","red"
"881","red","red","green","green","red","red","red","red","green","red"
"882","green","green","red","green","red","green","green","red","green","green"
"883","red","red","green","red","red","green","green","red","red","green"
"884","green","green","red","red","red","red","red","green","green","green"
"885","green","green","green","red","red","red","red","green","red","red"
"886","green","green","green","green","green","red","red","green","green","red"
"887","green","green","red","green","green","red","red","green","red","red"
"888","green","green","green","red","green","green","green","green","green","red"
"889","green","red","green","red","green","red","red","red","red","green"
"890","green","red","green","red","green","red","red","red","green","red"
"891","red","red","green","green","green","green","green","red","red","green"
"892","green","green","red","red","green","green","green","green","green","green"
"893","red","red","red","red","red","red","red","green","green","red"
"894","green","green","red","green","red","red","red","red","red","red"
"895","red","green","green","green","green","green","green","green","green","red"
"896","green","green","green","red","red","red","red","green","red","green"
"897","red","green","red","red","green","green","green","green","green","red"
"898","red","red","red","green","green","red","red","red","green","red"
"899","green","green","green","red","red","red","red","red","red","green"
"900","green","green","red","green","green","red","red","red","red","red"
"901","green","green","green","green","green","green","green","green","green","red"
"902","red","red","green","green","green","green","green","green","green","green"
"903","red","red","green","green","red","green","green","green","green","green"
"904","red","green","green","green","green","green","green","green","red","red"
"905","green","red","green","red","red","green","red","green","green","green"
"906","green","red","red","red","red","red","red","green","green","green"
"907","green","green","green","red","red","green","green","green","green","green"
"908","green","green","red","red","red","red","red","green","green","green"
"909","red","red","green","green","green","red","red","green","red","green"
"910","green","green","green","green","green","green","green","green","red","green"
"911","green","green","green","green","green","green","green","green","green","red"
"912","green","green","green","red","red","green","green","red","green","red"
"913","green","red","green","red","red","green","green","green","green","red"
"914","green","green","green","red","red","red","red","green","green","red"
"915","green","green","red","red","green","green","green","green","green","green"
"916","red","green","red","red","red","green","green","red","green","green"
"917","green","green","green","green","green","green","green","green","green","red"
"918","green","green","green","green","green","green","green","green","green","red"
"919","green","green","green","red","red","green","green","red","green","red"
"920","green","green","red","red","red","green","green","green","green","green"
"921","red","red","green","green","red","green","green","red","red","green"
"922","green","red","green","red","green","green","green","green","green","red"
"923","green","green","red","green","red","red","green","green","green","green"
"924","green","red","green","green","green","green","green","green","green","red"
"925","red","red","red","red","green","red","red","red","red","red"
"926","green","green","green","green","red","red","green","green","green","green"
"927","red","red","red","green","green","green","green","green","green","green"
"928","red","green","green","red","red","red","red","red","green","green"
"929","red","red","green","green","green","green","green","green","green","green"
"930","red","green","green","red","red","red","red","green","red","green"
"931","red","green","red","green","green","red","red","red","green","red"
"932","green","green","green","red","red","red","green","green","green","green"
"933","green","green","green","green","red","red","red","green","green","red"
"934","red","red","green","green","green","red","red","green","green","green"
"935","red","red","green","red","green","green","green","green","red","red"
"936","green","green","green","red","red","green","green","green","red","green"
"937","green","red","red","green","red","green","green","red","red","red"
"938","green","green","red","green","green","green","green","red","green","green"
"939","red","red","red","red","red","green","green","red","green","red"
"940","green","red","green","red","green","green","green","red","red","red"
"941","green","green","green","red","green","green","green","green","red","red"
"942","green","green","red","red","red","green","red","green","red","red"
"943","green","green","green","red","green","green","green","red","red","red"
"944","green","green","red","red","red","red","red","green","green","green"
"945","green","green","red","green","red","green","green","green","red","green"
"946","red","green","green","green","green","green","green","green","green","red"
"947","green","green","red","green","red","green","red","green","red","red"
"948","green","green","red","green","red","red","red","red","red","green"
"949","red","green","red","red","green","green","green","red","red","green"
"950","red","red","red","green","green","green","green","red","red","red"
"951","red","red","red","red","red","red","red","green","green","green"
"952","green","green","green","green","green","green","green","green","green","red"
"953","green","green","red","red","red","red","red","red","green","green"
"954","green","red","green","green","red","red","red","red","red","green"
"955","green","green","green","red","red","green","red","red","green","green"
"956","red","red","green","green","green","red","red","red","red","green"
"957","red","red","green","red","red","green","green","green","green","red"
"958","green","green","green","red","red","green","green","red","red","green"
"959","green","green","green","green","red","green","green","red","red","red"
"960","red","red","green","red","red","green","green","red","red","red"
"961","red","red","green","red","green","red","red","red","green","red"
"962","green","green","green","green","green","green","green","green","green","green"
"963","green","green","green","green","green","green","green","green","green","red"
"964","green","green","green","red","green","green","green","red","red","green"
"965","green","red","red","red","green","red","red","red","green","red"
"966","red","red","red","green","green","green","green","green","green","red"
"967","green","green","red","red","green","red","red","red","red","green"
"968","green","green","green","red","green","green","green","green","red","green"
"969","red","red","red","red","green","green","green","green","red","red"
"970","green","green","red","green","green","green","green","green","green","green"
"971","green","red","green","green","green","green","green","green","green","red"
"972","red","red","green","green","green","green","green","green","green","red"
"973","green","green","green","red","green","green","green","red","green","green"
"974","green","green","red","green","green","green","green","green","red","red"
"975","red","green","red","green","green","red","red","red","red","green"
"976","red","red","red","green","green","green","green","red","green","red"
"977","red","red","red","green","green","green","green","green","green","green"
"978","red","red","green","red","green","green","green","green","green","red"
"979","green","green","red","red","red","red","red","red","red","red"
"980","red","red","green","red","green","red","red","red","green","red"
"981","green","red","red","green","green","green","green","green","red","green"
"982","green","green","red","red","green","green","green","green","green","red"
"983","red","red","red","red","green","red","red","green","green","red"
"984","green","green","red","green","green","green","green","green","green","red"
"985","green","red","green","red","green","green","green","red","red","red"
"986","green","red","green","red","red","green","green","green","green","green"
"987","red","red","red","red","green","green","green","green","red","green"
"988","green","red","green","green","green","green","green","green","red","green"
"989","red","green","green","green","green","green","green","green","green","green"
"990","green","red","green","green","green","red","red","green","red","green"
"991","green","green","green","green","red","green","green","red","red","green"
"992","red","green","green","green","green","red","green","green","red","green"
"993","green","green","green","green","green","green","green","green","green","green"
"994","red","red","green","green","red","red","red","red","green","red"
"995","green","green","green","green","red","green","green","red","red","green"
"996","green","green","green","green","green","red","green","red","red","green"
"997","red","green","green","red","red","red","red","red","red","green"
"998","red","green","red","red","green","red","red","green","green","green"
"999","red","green","green","green","green","green","green","green","green","red"
"1000","red","red","red","green","red","red","red","green","green","green"
